{"cameraMode":{"drawMode":0,"name":"Shaded","section":"Shading Mode"},"sceneLighting":false,"audioPlay":false,"sceneViewState":{"m_AlwaysRefresh":false,"showFog":true,"showSkybox":false,"showFlares":true,"showImageEffects":true,"showParticleSystems":true,"showVisualEffectGraphs":true,"m_FxEnabled":true},"in2DMode":false,"pivot":{"x":0.2229347825050354,"y":1.9200286865234376,"z":-0.26251745223999026},"rotation":{"x":0.06936177611351013,"y":-0.07266627997159958,"z":-0.0050658248364925388,"w":-0.9949318170547485},"size":3.6000170707702638,"orthographic":false}