{"cameraMode":{"drawMode":0,"name":"Shaded","section":"Shading Mode"},"sceneLighting":false,"audioPlay":false,"sceneViewState":{"m_AlwaysRefresh":false,"showFog":true,"showSkybox":false,"showFlares":true,"showImageEffects":true,"showParticleSystems":true,"showVisualEffectGraphs":true,"m_FxEnabled":true},"in2DMode":false,"pivot":{"x":-0.06222476065158844,"y":1.1429998874664307,"z":-0.41105005145072939},"rotation":{"x":0.08991280198097229,"y":0.8944509625434876,"z":-0.20898397266864777,"w":0.38512900471687319},"size":0.31957003474235537,"orthographic":false}