{"cameraMode":{"drawMode":0,"name":"Shaded","section":"Shading Mode"},"sceneLighting":false,"audioPlay":false,"sceneViewState":{"m_AlwaysRefresh":false,"showFog":true,"showSkybox":false,"showFlares":true,"showImageEffects":true,"showParticleSystems":true,"showVisualEffectGraphs":true,"m_FxEnabled":false},"in2DMode":false,"pivot":{"x":0.00602392852306366,"y":0.49038809537887576,"z":0.24549904465675355},"rotation":{"x":0.1138225868344307,"y":-0.11892302334308624,"z":0.013722251169383526,"w":0.9862721562385559},"size":0.6154410243034363,"orthographic":false}