{"cameraMode":{"drawMode":0,"name":"Shaded","section":"Shading Mode"},"sceneLighting":false,"audioPlay":false,"sceneViewState":{"m_AlwaysRefresh":false,"showFog":true,"showSkybox":false,"showFlares":true,"showImageEffects":true,"showParticleSystems":true,"showVisualEffectGraphs":true,"m_FxEnabled":true},"in2DMode":false,"pivot":{"x":0.4165192246437073,"y":0.27216339111328127,"z":-0.07700581848621369},"rotation":{"x":0.094918392598629,"y":-0.029269950464367868,"z":-0.0027919686399400236,"w":-0.9950535893440247},"size":1.2000173330307007,"orthographic":false}