{"cameraMode":{"drawMode":0,"name":"Shaded","section":"Shading Mode"},"sceneLighting":false,"audioPlay":false,"sceneViewState":{"m_AlwaysRefresh":false,"showFog":false,"showSkybox":false,"showFlares":false,"showImageEffects":false,"showParticleSystems":false,"showVisualEffectGraphs":true,"m_FxEnabled":true},"in2DMode":false,"pivot":{"x":0.1383758783340454,"y":1.384440541267395,"z":-0.30388128757476809},"rotation":{"x":0.0046967798843979839,"y":0.9948977828025818,"z":-0.05558246746659279,"w":0.08407007902860642},"size":0.42660486698150637,"orthographic":false}