{"cameraMode":{"drawMode":0,"name":"Shaded","section":"Shading Mode"},"sceneLighting":false,"audioPlay":false,"sceneViewState":{"m_AlwaysRefresh":false,"showFog":true,"showSkybox":true,"showFlares":true,"showImageEffects":true,"showParticleSystems":true,"showVisualEffectGraphs":true,"m_FxEnabled":true},"in2DMode":false,"pivot":{"x":0.5284528136253357,"y":0.924277126789093,"z":-1.7203457355499268},"rotation":{"x":-0.1102490946650505,"y":-0.12134261429309845,"z":0.013562599197030068,"w":-0.9863796234130859},"size":4.700992107391357,"orthographic":false}