{"cameraMode":{"drawMode":0,"name":"Shaded","section":"Shading Mode"},"sceneLighting":false,"audioPlay":false,"sceneViewState":{"m_AlwaysRefresh":false,"showFog":false,"showSkybox":false,"showFlares":false,"showImageEffects":false,"showParticleSystems":false,"showVisualEffectGraphs":true,"m_FxEnabled":true},"in2DMode":false,"pivot":{"x":-0.15595996379852296,"y":0.5805288553237915,"z":-3.3927507400512697},"rotation":{"x":-0.001878848997876048,"y":-0.9929672479629517,"z":0.11761584132909775,"w":-0.016090014949440957},"size":2.226604700088501,"orthographic":false}