{"cameraMode":{"drawMode":0,"name":"Shaded","section":"Shading Mode"},"sceneLighting":false,"audioPlay":false,"sceneViewState":{"m_AlwaysRefresh":false,"showFog":true,"showSkybox":false,"showFlares":true,"showImageEffects":true,"showParticleSystems":true,"showVisualEffectGraphs":true,"m_FxEnabled":true},"in2DMode":false,"pivot":{"x":0.09999999403953552,"y":1.499999761581421,"z":0.09999999403953552},"rotation":{"x":0.30398237705230715,"y":-0.13233773410320283,"z":0.04268233850598335,"w":0.9424823522567749},"size":1.5066516399383546,"orthographic":false}