{"cameraMode":{"drawMode":0,"name":"Shaded","section":"Shading Mode"},"sceneLighting":true,"audioPlay":false,"sceneViewState":{"m_AlwaysRefresh":false,"showFog":true,"showSkybox":true,"showFlares":true,"showImageEffects":true,"showParticleSystems":true,"showVisualEffectGraphs":true,"m_FxEnabled":true},"in2DMode":false,"pivot":{"x":-1.7229037284851075,"y":-2.177987575531006,"z":-15.812889099121094},"rotation":{"x":0.018950767815113069,"y":0.9806568622589111,"z":-0.15122729539871217,"w":0.1230475977063179},"size":8.896169662475586,"orthographic":false}