{"cameraMode":{"drawMode":0,"name":"Shaded","section":"Shading Mode"},"sceneLighting":true,"audioPlay":false,"sceneViewState":{"m_AlwaysRefresh":false,"showFog":true,"showSkybox":true,"showFlares":true,"showImageEffects":true,"showParticleSystems":true,"showVisualEffectGraphs":true,"m_FxEnabled":true},"in2DMode":false,"pivot":{"x":-7.190000057220459,"y":0.9106484055519104,"z":-7.244053363800049},"rotation":{"x":0.13068071007728578,"y":-0.6675271391868591,"z":0.12064908444881439,"w":0.7230306267738342},"size":0.29220548272132876,"orthographic":false}