{"cameraMode":{"drawMode":0,"name":"Shaded","section":"Shading Mode"},"sceneLighting":false,"audioPlay":false,"sceneViewState":{"m_AlwaysRefresh":false,"showFog":true,"showSkybox":false,"showFlares":true,"showImageEffects":true,"showParticleSystems":true,"showVisualEffectGraphs":true,"m_FxEnabled":true},"in2DMode":false,"pivot":{"x":-0.08666568994522095,"y":2.6076369285583498,"z":-0.15572142601013184},"rotation":{"x":0.094918392598629,"y":-0.029269950464367868,"z":-0.0027919686399400236,"w":-0.9950535893440247},"size":3.1241085529327394,"orthographic":false}