{"cameraMode":{"drawMode":0,"name":"Shaded","section":"Shading Mode"},"sceneLighting":false,"audioPlay":false,"sceneViewState":{"m_AlwaysRefresh":false,"showFog":true,"showSkybox":false,"showFlares":true,"showImageEffects":true,"showParticleSystems":true,"showVisualEffectGraphs":true,"m_FxEnabled":true},"in2DMode":false,"pivot":{"x":-0.15487146377563477,"y":-0.06601572036743164,"z":0.042530059814453128},"rotation":{"x":0.0033189384266734125,"y":0.9523341059684753,"z":-0.3049526512622833,"w":0.010271920822560788},"size":0.19160984456539155,"orthographic":false}