{"cameraMode":{"drawMode":0,"name":"Shaded","section":"Shading Mode"},"sceneLighting":false,"audioPlay":false,"sceneViewState":{"m_AlwaysRefresh":false,"showFog":true,"showSkybox":false,"showFlares":true,"showImageEffects":true,"showParticleSystems":true,"showVisualEffectGraphs":true,"m_FxEnabled":true},"in2DMode":false,"pivot":{"x":-0.0048623159527778629,"y":-0.006146326661109924,"z":-0.03773605823516846},"rotation":{"x":0.03068031184375286,"y":0.8916123509407044,"z":-0.061072614043951038,"w":0.4476422071456909},"size":0.11903953552246094,"orthographic":false}