{"cameraMode":{"drawMode":0,"name":"Shaded","section":"Shading Mode"},"sceneLighting":false,"audioPlay":false,"sceneViewState":{"m_AlwaysRefresh":false,"showFog":true,"showSkybox":false,"showFlares":true,"showImageEffects":true,"showParticleSystems":true,"showVisualEffectGraphs":true,"m_FxEnabled":true},"in2DMode":false,"pivot":{"x":1.2930078506469727,"y":0.932966947555542,"z":-0.20281577110290528},"rotation":{"x":-0.0017634319374337793,"y":-0.9979925751686096,"z":0.032346662133932117,"w":-0.05514536798000336},"size":1.3970484733581544,"orthographic":false}