{"cameraMode":{"drawMode":0,"name":"Shaded","section":"Shading Mode"},"sceneLighting":false,"audioPlay":false,"sceneViewState":{"m_AlwaysRefresh":false,"showFog":false,"showSkybox":false,"showFlares":false,"showImageEffects":false,"showParticleSystems":false,"showVisualEffectGraphs":true,"m_FxEnabled":true},"in2DMode":false,"pivot":{"x":0.39728227257728579,"y":1.1423338651657105,"z":-0.8011622428894043},"rotation":{"x":-0.006287635304033756,"y":0.9924570322036743,"z":-0.10791502892971039,"w":-0.05782534182071686},"size":1.1100914478302003,"orthographic":false}