{"cameraMode":{"drawMode":0,"name":"Shaded","section":"Shading Mode"},"sceneLighting":false,"audioPlay":false,"sceneViewState":{"m_AlwaysRefresh":false,"showFog":true,"showSkybox":true,"showFlares":true,"showImageEffects":true,"showParticleSystems":true,"showVisualEffectGraphs":true,"m_FxEnabled":false},"in2DMode":false,"pivot":{"x":-7.274698257446289,"y":-0.27658605575561526,"z":-6.607410430908203},"rotation":{"x":-0.004592428915202618,"y":-0.9899896383285523,"z":0.13899512588977815,"w":-0.029952319338917733},"size":4.573263168334961,"orthographic":false}