{"cameraMode":{"drawMode":0,"name":"Shaded","section":"Shading Mode"},"sceneLighting":true,"audioPlay":false,"sceneViewState":{"m_AlwaysRefresh":false,"showFog":true,"showSkybox":true,"showFlares":true,"showImageEffects":true,"showParticleSystems":true,"showVisualEffectGraphs":true,"m_FxEnabled":true},"in2DMode":false,"pivot":{"x":19.083141326904298,"y":3.0006847381591799,"z":49.83376693725586},"rotation":{"x":-0.23389174044132234,"y":0.19126951694488526,"z":-0.047091078013181689,"w":-0.9521393179893494},"size":6.873660087585449,"orthographic":false}