{"cameraMode":{"drawMode":0,"name":"Shaded","section":"Shading Mode"},"sceneLighting":false,"audioPlay":false,"sceneViewState":{"m_AlwaysRefresh":false,"showFog":true,"showSkybox":false,"showFlares":true,"showImageEffects":true,"showParticleSystems":true,"showVisualEffectGraphs":true,"m_FxEnabled":true},"in2DMode":false,"pivot":{"x":-1.777999997138977,"y":0.9485899806022644,"z":-2.722883939743042},"rotation":{"x":0.0033189384266734125,"y":0.9523341059684753,"z":-0.3049526512622833,"w":0.010271920822560788},"size":0.18699221312999726,"orthographic":false}